{
  "variant": "naive",
  "quant": "q8_0",
  "model": "models/qwen2.5-1.5b-instruct-q8_0.gguf",
  "model_sha256": null,
  "model_size_mb": 1806.77,
  "server_args": {
    "binary": "third_party/llama.cpp/build-naive-server/bin/llama-server",
    "host": "127.0.0.1",
    "port": 8081,
    "threads": 4,
    "ctx_size": 4096,
    "parallel": 6,
    "cont_batching": true,
    "max_tokens": 128,
    "n_requests": 4
  },
  "prompt_set": "scripts/serving_prompts.json",
  "prompt_set_sha256": "97f9419e4027a772fb47937805e1f3ebfdff334d4d0713c5d5b2633aa15aeb14",
  "n_prompts": 8,
  "prompt_token_counts": [
    112,
    52,
    66,
    154,
    82,
    96,
    59,
    90
  ],
  "measurements": [
    {
      "concurrency": 1,
      "n_requests": 4,
      "n_valid": 4,
      "n_errors": 0,
      "total_tokens": 512,
      "wall_clock_s": 38.98274556200022,
      "throughput_tok_s": 13.134015899051752,
      "ttft_p50_ms": 2051.5126104999126,
      "ttft_mean_ms": 2369.5980724999117,
      "ttft_max_ms": 5314.305176999824,
      "ttft_max_label": "样本 N=4 的最大值",
      "token_count_source": "chunk_count",
      "warmup_done": true
    },
    {
      "concurrency": 2,
      "n_requests": 4,
      "n_valid": 4,
      "n_errors": 0,
      "total_tokens": 512,
      "wall_clock_s": 26.97107462599979,
      "throughput_tok_s": 18.983299964860805,
      "ttft_p50_ms": 109.60814399982155,
      "ttft_mean_ms": 115.19605324997428,
      "ttft_max_ms": 174.73569799994948,
      "ttft_max_label": "样本 N=4 的最大值",
      "token_count_source": "chunk_count",
      "warmup_done": true
    },
    {
      "concurrency": 4,
      "n_requests": 4,
      "n_valid": 4,
      "n_errors": 0,
      "total_tokens": 512,
      "wall_clock_s": 24.22769258900007,
      "throughput_tok_s": 21.132842020311077,
      "ttft_p50_ms": 192.94250949974412,
      "ttft_mean_ms": 193.0015674997776,
      "ttft_max_ms": 193.93349399979343,
      "ttft_max_label": "样本 N=4 的最大值",
      "token_count_source": "chunk_count",
      "warmup_done": true
    },
    {
      "concurrency": 6,
      "n_requests": 4,
      "n_valid": 4,
      "n_errors": 0,
      "total_tokens": 512,
      "wall_clock_s": 24.24039803000005,
      "throughput_tok_s": 21.121765383816964,
      "ttft_p50_ms": 146.99320750014522,
      "ttft_mean_ms": 197.06880324997655,
      "ttft_max_ms": 347.80838999995467,
      "ttft_max_label": "样本 N=4 的最大值",
      "token_count_source": "chunk_count",
      "warmup_done": true
    }
  ],
  "peak_mem_mb": 2063.41,
  "peak_mem_source": "proc_vmhwm",
  "ctx_size": 4096,
  "max_concurrency": 6,
  "llama_commit": "fabde3bf5136940eb03821aa2490e2360093965b",
  "timestamp": "2026-07-04T07:40:33Z",
  "status": "ok"
}
