{
  "variant": "naive",
  "quant": "q8_0",
  "model": "models/qwen2.5-1.5b-instruct-q8_0.gguf",
  "model_sha256": null,
  "model_size_mb": 1806.77,
  "server_args": {
    "binary": "third_party/llama.cpp/build-naive-server/bin/llama-server",
    "host": "127.0.0.1",
    "port": 8081,
    "threads": 4,
    "ctx_size": 4096,
    "parallel": 6,
    "cont_batching": true,
    "max_tokens": 128,
    "n_requests": 4
  },
  "prompt_set": "scripts/serving_prompts.json",
  "prompt_set_sha256": "97f9419e4027a772fb47937805e1f3ebfdff334d4d0713c5d5b2633aa15aeb14",
  "n_prompts": 8,
  "prompt_token_counts": [
    112,
    52,
    66,
    154,
    82,
    96,
    59,
    90
  ],
  "measurements": [
    {
      "concurrency": 1,
      "n_requests": 4,
      "n_valid": 4,
      "n_errors": 0,
      "total_tokens": 512,
      "wall_clock_s": 38.633058551999966,
      "throughput_tok_s": 13.252898403341526,
      "ttft_p50_ms": 2047.1749005000675,
      "ttft_mean_ms": 2364.165962250013,
      "ttft_max_ms": 5302.763120999771,
      "ttft_max_label": "样本 N=4 的最大值",
      "token_count_source": "chunk_count",
      "warmup_done": true
    },
    {
      "concurrency": 2,
      "n_requests": 4,
      "n_valid": 4,
      "n_errors": 0,
      "total_tokens": 512,
      "wall_clock_s": 26.96571610000001,
      "throughput_tok_s": 18.987072255054997,
      "ttft_p50_ms": 110.92122600007315,
      "ttft_mean_ms": 112.78555600006257,
      "ttft_max_ms": 170.97335400012525,
      "ttft_max_label": "样本 N=4 的最大值",
      "token_count_source": "chunk_count",
      "warmup_done": true
    },
    {
      "concurrency": 4,
      "n_requests": 4,
      "n_valid": 4,
      "n_errors": 0,
      "total_tokens": 512,
      "wall_clock_s": 24.157829073000357,
      "throughput_tok_s": 21.193957389665833,
      "ttft_p50_ms": 194.4528864999029,
      "ttft_mean_ms": 194.51381249996302,
      "ttft_max_ms": 195.3994479999892,
      "ttft_max_label": "样本 N=4 的最大值",
      "token_count_source": "chunk_count",
      "warmup_done": true
    },
    {
      "concurrency": 6,
      "n_requests": 4,
      "n_valid": 4,
      "n_errors": 0,
      "total_tokens": 512,
      "wall_clock_s": 24.243560941000396,
      "throughput_tok_s": 21.11900975463189,
      "ttft_p50_ms": 260.0070124999547,
      "ttft_mean_ms": 210.24818625016906,
      "ttft_max_ms": 260.70881000032387,
      "ttft_max_label": "样本 N=4 的最大值",
      "token_count_source": "chunk_count",
      "warmup_done": true
    }
  ],
  "peak_mem_mb": 2063.4,
  "peak_mem_source": "proc_vmhwm",
  "ctx_size": 4096,
  "max_concurrency": 6,
  "llama_commit": "fabde3bf5136940eb03821aa2490e2360093965b",
  "timestamp": "2026-07-05T06:57:37Z",
  "status": "ok"
}
