{
  "variant": "naive",
  "quant": "q4_0",
  "model": "models/qwen2.5-1.5b-instruct-q4_0.gguf",
  "model_sha256": null,
  "model_size_mb": 1016.83,
  "server_args": {
    "binary": "third_party/llama.cpp/build-naive-server/bin/llama-server",
    "host": "127.0.0.1",
    "port": 8080,
    "threads": 4,
    "ctx_size": 4096,
    "parallel": 6,
    "cont_batching": true,
    "max_tokens": 128,
    "n_requests": 4
  },
  "prompt_set": "scripts/serving_prompts.json",
  "prompt_set_sha256": "97f9419e4027a772fb47937805e1f3ebfdff334d4d0713c5d5b2633aa15aeb14",
  "n_prompts": 8,
  "prompt_token_counts": [
    112,
    52,
    66,
    154,
    82,
    96,
    59,
    90
  ],
  "measurements": [
    {
      "concurrency": 1,
      "n_requests": 4,
      "n_valid": 4,
      "n_errors": 0,
      "total_tokens": 512,
      "wall_clock_s": 38.266424626000116,
      "throughput_tok_s": 13.379875569878083,
      "ttft_p50_ms": 2228.8206409998566,
      "ttft_mean_ms": 2574.8385327499363,
      "ttft_max_ms": 5783.6751459999505,
      "ttft_max_label": "样本 N=4 的最大值",
      "token_count_source": "chunk_count",
      "warmup_done": true
    },
    {
      "concurrency": 2,
      "n_requests": 4,
      "n_valid": 4,
      "n_errors": 0,
      "total_tokens": 512,
      "wall_clock_s": 27.224374420999993,
      "throughput_tok_s": 18.806676402637923,
      "ttft_p50_ms": 109.28757099986797,
      "ttft_mean_ms": 109.56437274990094,
      "ttft_max_ms": 164.10972299991045,
      "ttft_max_label": "样本 N=4 的最大值",
      "token_count_source": "chunk_count",
      "warmup_done": true
    },
    {
      "concurrency": 4,
      "n_requests": 4,
      "n_valid": 4,
      "n_errors": 0,
      "total_tokens": 512,
      "wall_clock_s": 25.62675750199969,
      "throughput_tok_s": 19.979117528233836,
      "ttft_p50_ms": 205.26951900001222,
      "ttft_mean_ms": 205.26737099999082,
      "ttft_max_ms": 205.98029999973733,
      "ttft_max_label": "样本 N=4 的最大值",
      "token_count_source": "chunk_count",
      "warmup_done": true
    },
    {
      "concurrency": 6,
      "n_requests": 4,
      "n_valid": 4,
      "n_errors": 0,
      "total_tokens": 512,
      "wall_clock_s": 25.662550116999682,
      "throughput_tok_s": 19.951251830613476,
      "ttft_p50_ms": 274.8437450002257,
      "ttft_mean_ms": 222.21602825015907,
      "ttft_max_ms": 276.4862730000459,
      "ttft_max_label": "样本 N=4 的最大值",
      "token_count_source": "chunk_count",
      "warmup_done": true
    }
  ],
  "peak_mem_mb": 1273.43,
  "peak_mem_source": "proc_vmhwm",
  "ctx_size": 4096,
  "max_concurrency": 6,
  "llama_commit": "fabde3bf5136940eb03821aa2490e2360093965b",
  "timestamp": "2026-07-05T06:55:38Z",
  "status": "ok"
}
