{
  "variant": "naive",
  "quant": "q4_0",
  "model": "models/qwen2.5-1.5b-instruct-q4_0.gguf",
  "model_sha256": null,
  "model_size_mb": 1016.83,
  "server_args": {
    "binary": "third_party/llama.cpp/build-naive-server/bin/llama-server",
    "host": "127.0.0.1",
    "port": 8080,
    "threads": 4,
    "ctx_size": 4096,
    "parallel": 6,
    "cont_batching": true,
    "max_tokens": 128,
    "n_requests": 4
  },
  "prompt_set": "scripts/serving_prompts.json",
  "prompt_set_sha256": "97f9419e4027a772fb47937805e1f3ebfdff334d4d0713c5d5b2633aa15aeb14",
  "n_prompts": 8,
  "prompt_token_counts": [
    112,
    52,
    66,
    154,
    82,
    96,
    59,
    90
  ],
  "measurements": [
    {
      "concurrency": 1,
      "n_requests": 4,
      "n_valid": 4,
      "n_errors": 0,
      "total_tokens": 512,
      "wall_clock_s": 38.51542884100036,
      "throughput_tok_s": 13.29337399081396,
      "ttft_p50_ms": 2230.722031000141,
      "ttft_mean_ms": 2576.236375750227,
      "ttft_max_ms": 5785.84109600024,
      "ttft_max_label": "样本 N=4 的最大值",
      "token_count_source": "chunk_count",
      "warmup_done": true
    },
    {
      "concurrency": 2,
      "n_requests": 4,
      "n_valid": 4,
      "n_errors": 0,
      "total_tokens": 512,
      "wall_clock_s": 27.3730937119999,
      "throughput_tok_s": 18.70449885522249,
      "ttft_p50_ms": 109.52148550018137,
      "ttft_mean_ms": 110.0933777499904,
      "ttft_max_ms": 165.69042099990838,
      "ttft_max_label": "样本 N=4 的最大值",
      "token_count_source": "chunk_count",
      "warmup_done": true
    },
    {
      "concurrency": 4,
      "n_requests": 4,
      "n_valid": 4,
      "n_errors": 0,
      "total_tokens": 512,
      "wall_clock_s": 25.723723569000413,
      "throughput_tok_s": 19.90380586335525,
      "ttft_p50_ms": 205.7527580000169,
      "ttft_mean_ms": 205.7639150001478,
      "ttft_max_ms": 206.48362700012513,
      "ttft_max_label": "样本 N=4 的最大值",
      "token_count_source": "chunk_count",
      "warmup_done": true
    },
    {
      "concurrency": 6,
      "n_requests": 4,
      "n_valid": 4,
      "n_errors": 0,
      "total_tokens": 512,
      "wall_clock_s": 25.67481772400015,
      "throughput_tok_s": 19.94171898332099,
      "ttft_p50_ms": 204.33448200014936,
      "ttft_mean_ms": 204.33541175009395,
      "ttft_max_ms": 204.54834000020128,
      "ttft_max_label": "样本 N=4 的最大值",
      "token_count_source": "chunk_count",
      "warmup_done": true
    }
  ],
  "peak_mem_mb": 1273.41,
  "peak_mem_source": "proc_vmhwm",
  "ctx_size": 4096,
  "max_concurrency": 6,
  "llama_commit": "fabde3bf5136940eb03821aa2490e2360093965b",
  "timestamp": "2026-07-04T07:38:33Z",
  "status": "ok"
}
